"0","log_depth_m <- log(wells_region$depth_m)"
"0",""
"0","depth_hist <- ggplot(data = wells_region, aes(log_depth_m)) +"
"0","  geom_histogram() +"
"0","  labs(x = ""Log of Well Depth (m)"","
"0","       y = ""Count"","
"0","       title = ""Distribution of Well Depths (m) in California between 1900 and 2021"")"
"0","  theme_light()"
"1","List"
"1",""
"1"," of "
"1",""
"1","93"
"1",""
"1","
"
"1"," "
"1",""
"1","$ "
"1",""
"1","line                      "
"1",""
"1",":"
"1","List"
"1",""
"1"," of "
"1",""
"1","6"
"1",""
"1","
"
"1","  .."
"1",""
"1","$ "
"1",""
"1","colour       "
"1",""
"1",":"
"1"," chr "
"1",""
"1","""black"""
"1",""
"1","
"
"1","  .."
"1",""
"1","$ "
"1",""
"1","size         "
"1",""
"1",":"
"1"," num "
"1",""
"1","0.5"
"1",""
"1","
"
"1","  .."
"1",""
"1","$ "
"1",""
"1","linetype     "
"1",""
"1",":"
"1"," num "
"1",""
"1","1"
"1",""
"1","
"
"1","  .."
"1",""
"1","$ "
"1",""
"1","lineend      "
"1",""
"1",":"
"1"," chr "
"1",""
"1","""butt"""
"1",""
"1","
"
"1","  .."
"1",""
"1","$ "
"1",""
"1","arrow        "
"1",""
"1",":"
"1"," logi "
"1",""
"1","FALSE"
"1",""
"1","
"
"1","  .."
"1",""
"1","$ "
"1",""
"1","inherit.blank"
"1",""
"1",":"
"1"," logi "
"1",""
"1","TRUE"
"1",""
"1","
"
"1","  .."
"1",""
"1","- attr(*, ""class"")="
"1"," chr [1:2] "
"1",""
"1","""element_line"" ""element"""
"1",""
"1","
"
"1"," "
"1",""
"1","$ "
"1",""
"1","rect                      "
"1",""
"1",":"
"1","List"
"1",""
"1"," of "
"1",""
"1","5"
"1",""
"1","
"
"1","  .."
"1",""
"1","$ "
"1",""
"1","fill         "
"1",""
"1",":"
"1"," chr "
"1",""
"1","""white"""
"1",""
"1","
"
"1","  .."
"1",""
"1","$ "
"1",""
"1","colour       "
"1",""
"1",":"
"1"," chr "
"1",""
"1","""black"""
"1",""
"1","
"
"1","  .."
"1",""
"1","$ "
"1",""
"1","size         "
"1",""
"1",":"
"1"," num "
"1",""
"1","0.5"
"1",""
"1","
"
"1","  .."
"1",""
"1","$ "
"1",""
"1","linetype     "
"1",""
"1",":"
"1"," num "
"1",""
"1","1"
"1",""
"1","
"
"1","  .."
"1",""
"1","$ "
"1",""
"1","inherit.blank"
"1",""
"1",":"
"1"," logi "
"1",""
"1","TRUE"
"1",""
"1","
"
"1","  .."
"1",""
"1","- attr(*, ""class"")="
"1"," chr [1:2] "
"1",""
"1","""element_rect"" ""element"""
"1",""
"1","
"
"1"," "
"1",""
"1","$ "
"1",""
"1","text                      "
"1",""
"1",":"
"1","List"
"1",""
"1"," of "
"1",""
"1","11"
"1",""
"1","
"
"1","  .."
"1",""
"1","$ "
"1",""
"1","family       "
"1",""
"1",":"
"1"," chr "
"1",""
"1",""""""
"1",""
"1","
"
"1","  .."
"1",""
"1","$ "
"1",""
"1","face         "
"1",""
"1",":"
"1"," chr "
"1",""
"1","""plain"""
"1",""
"1","
"
"1","  .."
"1",""
"1","$ "
"1",""
"1","colour       "
"1",""
"1",":"
"1"," chr "
"1",""
"1","""black"""
"1",""
"1","
"
"1","  .."
"1",""
"1","$ "
"1",""
"1","size         "
"1",""
"1",":"
"1"," num "
"1",""
"1","11"
"1",""
"1","
"
"1","  .."
"1",""
"1","$ "
"1",""
"1","hjust        "
"1",""
"1",":"
"1"," num "
"1",""
"1","0.5"
"1",""
"1","
"
"1","  .."
"1",""
"1","$ "
"1",""
"1","vjust        "
"1",""
"1",":"
"1"," num "
"1",""
"1","0.5"
"1",""
"1","
"
"1","  .."
"1",""
"1","$ "
"1",""
"1","angle        "
"1",""
"1",":"
"1"," num "
"1",""
"1","0"
"1",""
"1","
"
"1","  .."
"1",""
"1","$ "
"1",""
"1","lineheight   "
"1",""
"1",":"
"1"," num "
"1",""
"1","0.9"
"1",""
"1","
"
"1","  .."
"1",""
"1","$ "
"1",""
"1","margin       "
"1",""
"1",":"
"1"," 'margin' num [1:4] "
"1",""
"1","0points 0points 0points 0points"
"1",""
"1","
"
"1","  .. .."
"1",""
"1","- attr(*, ""unit"")="
"1"," int "
"1",""
"1","8"
"1",""
"1","
"
"1","  .."
"1",""
"1","$ "
"1",""
"1","debug        "
"1",""
"1",":"
"1"," logi "
"1",""
"1","FALSE"
"1",""
"1","
"
"1","  .."
"1",""
"1","$ "
"1",""
"1","inherit.blank"
"1",""
"1",":"
"1"," logi "
"1",""
"1","TRUE"
"1",""
"1","
"
"1","  .."
"1",""
"1","- attr(*, ""class"")="
"1"," chr [1:2] "
"1",""
"1","""element_text"" ""element"""
"1",""
"1","
"
"1"," "
"1",""
"1","$ "
"1",""
"1","title                     "
"1",""
"1",":"
"1"," NULL
"
"1"," "
"1",""
"1","$ "
"1",""
"1","aspect.ratio              "
"1",""
"1",":"
"1"," NULL
"
"1"," "
"1",""
"1","$ "
"1",""
"1","axis.title                "
"1",""
"1",":"
"1"," NULL
"
"1"," "
"1",""
"1","$ "
"1",""
"1","axis.title.x              "
"1",""
"1",":"
"1","List"
"1",""
"1"," of "
"1",""
"1","11"
"1",""
"1","
"
"1","  .."
"1",""
"1","$ "
"1",""
"1","family       "
"1",""
"1",":"
"1"," NULL
"
"1","  .."
"1",""
"1","$ "
"1",""
"1","face         "
"1",""
"1",":"
"1"," NULL
"
"1","  .."
"1",""
"1","$ "
"1",""
"1","colour       "
"1",""
"1",":"
"1"," NULL
"
"1","  .."
"1",""
"1","$ "
"1",""
"1","size         "
"1",""
"1",":"
"1"," NULL
"
"1","  .."
"1",""
"1","$ "
"1",""
"1","hjust        "
"1",""
"1",":"
"1"," NULL
"
"1","  .."
"1",""
"1","$ "
"1",""
"1","vjust        "
"1",""
"1",":"
"1"," num "
"1",""
"1","1"
"1",""
"1","
"
"1","  .."
"1",""
"1","$ "
"1",""
"1","angle        "
"1",""
"1",":"
"1"," NULL
"
"1","  .."
"1",""
"1","$ "
"1",""
"1","lineheight   "
"1",""
"1",":"
"1"," NULL
"
"1","  .."
"1",""
"1","$ "
"1",""
"1","margin       "
"1",""
"1",":"
"1"," 'margin' num [1:4] "
"1",""
"1","2.75points 0points 0points 0points"
"1",""
"1","
"
"1","  .. .."
"1",""
"1","- attr(*, ""unit"")="
"1"," int "
"1",""
"1","8"
"1",""
"1","
"
"1","  .."
"1",""
"1","$ "
"1",""
"1","debug        "
"1",""
"1",":"
"1"," NULL
"
"1","  .."
"1",""
"1","$ "
"1",""
"1","inherit.blank"
"1",""
"1",":"
"1"," logi "
"1",""
"1","TRUE"
"1",""
"1","
"
"1","  .."
"1",""
"1","- attr(*, ""class"")="
"1"," chr [1:2] "
"1",""
"1","""element_text"" ""element"""
"1",""
"1","
"
"1"," "
"1",""
"1","$ "
"1",""
"1","axis.title.x.top          "
"1",""
"1",":"
"1","List"
"1",""
"1"," of "
"1",""
"1","11"
"1",""
"1","
"
"1","  .."
"1",""
"1","$ "
"1",""
"1","family       "
"1",""
"1",":"
"1"," NULL
"
"1","  .."
"1",""
"1","$ "
"1",""
"1","face         "
"1",""
"1",":"
"1"," NULL
"
"1","  .."
"1",""
"1","$ "
"1",""
"1","colour       "
"1",""
"1",":"
"1"," NULL
"
"1","  .."
"1",""
"1","$ "
"1",""
"1","size         "
"1",""
"1",":"
"1"," NULL
"
"1","  .."
"1",""
"1","$ "
"1",""
"1","hjust        "
"1",""
"1",":"
"1"," NULL
"
"1","  .."
"1",""
"1","$ "
"1",""
"1","vjust        "
"1",""
"1",":"
"1"," num "
"1",""
"1","0"
"1",""
"1","
"
"1","  .."
"1",""
"1","$ "
"1",""
"1","angle        "
"1",""
"1",":"
"1"," NULL
"
"1","  .."
"1",""
"1","$ "
"1",""
"1","lineheight   "
"1",""
"1",":"
"1"," NULL
"
"1","  .."
"1",""
"1","$ "
"1",""
"1","margin       "
"1",""
"1",":"
"1"," 'margin' num [1:4] "
"1",""
"1","0points 0points 2.75points 0points"
"1",""
"1","
"
"1","  .. .."
"1",""
"1","- attr(*, ""unit"")="
"1"," int "
"1",""
"1","8"
"1",""
"1","
"
"1","  .."
"1",""
"1","$ "
"1",""
"1","debug        "
"1",""
"1",":"
"1"," NULL
"
"1","  .."
"1",""
"1","$ "
"1",""
"1","inherit.blank"
"1",""
"1",":"
"1"," logi "
"1",""
"1","TRUE"
"1",""
"1","
"
"1","  .."
"1",""
"1","- attr(*, ""class"")="
"1"," chr [1:2] "
"1",""
"1","""element_text"" ""element"""
"1",""
"1","
"
"1"," "
"1",""
"1","$ "
"1",""
"1","axis.title.x.bottom       "
"1",""
"1",":"
"1"," NULL
"
"1"," "
"1",""
"1","$ "
"1",""
"1","axis.title.y              "
"1",""
"1",":"
"1","List"
"1",""
"1"," of "
"1",""
"1","11"
"1",""
"1","
"
"1","  .."
"1",""
"1","$ "
"1",""
"1","family       "
"1",""
"1",":"
"1"," NULL
"
"1","  .."
"1",""
"1","$ "
"1",""
"1","face         "
"1",""
"1",":"
"1"," NULL
"
"1","  .."
"1",""
"1","$ "
"1",""
"1","colour       "
"1",""
"1",":"
"1"," NULL
"
"1","  .."
"1",""
"1","$ "
"1",""
"1","size         "
"1",""
"1",":"
"1"," NULL
"
"1","  .."
"1",""
"1","$ "
"1",""
"1","hjust        "
"1",""
"1",":"
"1"," NULL
"
"1","  .."
"1",""
"1","$ "
"1",""
"1","vjust        "
"1",""
"1",":"
"1"," num "
"1",""
"1","1"
"1",""
"1","
"
"1","  .."
"1",""
"1","$ "
"1",""
"1","angle        "
"1",""
"1",":"
"1"," num "
"1",""
"1","90"
"1",""
"1","
"
"1","  .."
"1",""
"1","$ "
"1",""
"1","lineheight   "
"1",""
"1",":"
"1"," NULL
"
"1","  .."
"1",""
"1","$ "
"1",""
"1","margin       "
"1",""
"1",":"
"1"," 'margin' num [1:4] "
"1",""
"1","0points 2.75points 0points 0points"
"1",""
"1","
"
"1","  .. .."
"1",""
"1","- attr(*, ""unit"")="
"1"," int "
"1",""
"1","8"
"1",""
"1","
"
"1","  .."
"1",""
"1","$ "
"1",""
"1","debug        "
"1",""
"1",":"
"1"," NULL
"
"1","  .."
"1",""
"1","$ "
"1",""
"1","inherit.blank"
"1",""
"1",":"
"1"," logi "
"1",""
"1","TRUE"
"1",""
"1","
"
"1","  .."
"1",""
"1","- attr(*, ""class"")="
"1"," chr [1:2] "
"1",""
"1","""element_text"" ""element"""
"1",""
"1","
"
"1"," "
"1",""
"1","$ "
"1",""
"1","axis.title.y.left         "
"1",""
"1",":"
"1"," NULL
"
"1"," "
"1",""
"1","$ "
"1",""
"1","axis.title.y.right        "
"1",""
"1",":"
"1","List"
"1",""
"1"," of "
"1",""
"1","11"
"1",""
"1","
"
"1","  .."
"1",""
"1","$ "
"1",""
"1","family       "
"1",""
"1",":"
"1"," NULL
"
"1","  .."
"1",""
"1","$ "
"1",""
"1","face         "
"1",""
"1",":"
"1"," NULL
"
"1","  .."
"1",""
"1","$ "
"1",""
"1","colour       "
"1",""
"1",":"
"1"," NULL
"
"1","  .."
"1",""
"1","$ "
"1",""
"1","size         "
"1",""
"1",":"
"1"," NULL
"
"1","  .."
"1",""
"1","$ "
"1",""
"1","hjust        "
"1",""
"1",":"
"1"," NULL
"
"1","  .."
"1",""
"1","$ "
"1",""
"1","vjust        "
"1",""
"1",":"
"1"," num "
"1",""
"1","0"
"1",""
"1","
"
"1","  .."
"1",""
"1","$ "
"1",""
"1","angle        "
"1",""
"1",":"
"1"," num "
"1",""
"1","-90"
"1",""
"1","
"
"1","  .."
"1",""
"1","$ "
"1",""
"1","lineheight   "
"1",""
"1",":"
"1"," NULL
"
"1","  .."
"1",""
"1","$ "
"1",""
"1","margin       "
"1",""
"1",":"
"1"," 'margin' num [1:4] "
"1",""
"1","0points 0points 0points 2.75points"
"1",""
"1","
"
"1","  .. .."
"1",""
"1","- attr(*, ""unit"")="
"1"," int "
"1",""
"1","8"
"1",""
"1","
"
"1","  .."
"1",""
"1","$ "
"1",""
"1","debug        "
"1",""
"1",":"
"1"," NULL
"
"1","  .."
"1",""
"1","$ "
"1",""
"1","inherit.blank"
"1",""
"1",":"
"1"," logi "
"1",""
"1","TRUE"
"1",""
"1","
"
"1","  .."
"1",""
"1","- attr(*, ""class"")="
"1"," chr [1:2] "
"1",""
"1","""element_text"" ""element"""
"1",""
"1","
"
"1"," "
"1",""
"1","$ "
"1",""
"1","axis.text                 "
"1",""
"1",":"
"1","List"
"1",""
"1"," of "
"1",""
"1","11"
"1",""
"1","
"
"1","  .."
"1",""
"1","$ "
"1",""
"1","family       "
"1",""
"1",":"
"1"," NULL
"
"1","  .."
"1",""
"1","$ "
"1",""
"1","face         "
"1",""
"1",":"
"1"," NULL
"
"1","  .."
"1",""
"1","$ "
"1",""
"1","colour       "
"1",""
"1",":"
"1"," chr "
"1",""
"1","""grey30"""
"1",""
"1","
"
"1","  .."
"1",""
"1","$ "
"1",""
"1","size         "
"1",""
"1",":"
"1"," 'rel' num "
"1",""
"1","0.8"
"1",""
"1","
"
"1","  .."
"1",""
"1","$ "
"1",""
"1","hjust        "
"1",""
"1",":"
"1"," NULL
"
"1","  .."
"1",""
"1","$ "
"1",""
"1","vjust        "
"1",""
"1",":"
"1"," NULL
"
"1","  .."
"1",""
"1","$ "
"1",""
"1","angle        "
"1",""
"1",":"
"1"," NULL
"
"1","  .."
"1",""
"1","$ "
"1",""
"1","lineheight   "
"1",""
"1",":"
"1"," NULL
"
"1","  .."
"1",""
"1","$ "
"1",""
"1","margin       "
"1",""
"1",":"
"1"," NULL
"
"1","  .."
"1",""
"1","$ "
"1",""
"1","debug        "
"1",""
"1",":"
"1"," NULL
"
"1","  .."
"1",""
"1","$ "
"1",""
"1","inherit.blank"
"1",""
"1",":"
"1"," logi "
"1",""
"1","TRUE"
"1",""
"1","
"
"1","  .."
"1",""
"1","- attr(*, ""class"")="
"1"," chr [1:2] "
"1",""
"1","""element_text"" ""element"""
"1",""
"1","
"
"1"," "
"1",""
"1","$ "
"1",""
"1","axis.text.x               "
"1",""
"1",":"
"1","List"
"1",""
"1"," of "
"1",""
"1","11"
"1",""
"1","
"
"1","  .."
"1",""
"1","$ "
"1",""
"1","family       "
"1",""
"1",":"
"1"," NULL
"
"1","  .."
"1",""
"1","$ "
"1",""
"1","face         "
"1",""
"1",":"
"1"," NULL
"
"1","  .."
"1",""
"1","$ "
"1",""
"1","colour       "
"1",""
"1",":"
"1"," NULL
"
"1","  .."
"1",""
"1","$ "
"1",""
"1","size         "
"1",""
"1",":"
"1"," NULL
"
"1","  .."
"1",""
"1","$ "
"1",""
"1","hjust        "
"1",""
"1",":"
"1"," NULL
"
"1","  .."
"1",""
"1","$ "
"1",""
"1","vjust        "
"1",""
"1",":"
"1"," num "
"1",""
"1","1"
"1",""
"1","
"
"1","  .."
"1",""
"1","$ "
"1",""
"1","angle        "
"1",""
"1",":"
"1"," NULL
"
"1","  .."
"1",""
"1","$ "
"1",""
"1","lineheight   "
"1",""
"1",":"
"1"," NULL
"
"1","  .."
"1",""
"1","$ "
"1",""
"1","margin       "
"1",""
"1",":"
"1"," 'margin' num [1:4] "
"1",""
"1","2.2points 0points 0points 0points"
"1",""
"1","
"
"1","  .. .."
"1",""
"1","- attr(*, ""unit"")="
"1"," int "
"1",""
"1","8"
"1",""
"1","
"
"1","  .."
"1",""
"1","$ "
"1",""
"1","debug        "
"1",""
"1",":"
"1"," NULL
"
"1","  .."
"1",""
"1","$ "
"1",""
"1","inherit.blank"
"1",""
"1",":"
"1"," logi "
"1",""
"1","TRUE"
"1",""
"1","
"
"1","  .."
"1",""
"1","- attr(*, ""class"")="
"1"," chr [1:2] "
"1",""
"1","""element_text"" ""element"""
"1",""
"1","
"
"1"," "
"1",""
"1","$ "
"1",""
"1","axis.text.x.top           "
"1",""
"1",":"
"1","List"
"1",""
"1"," of "
"1",""
"1","11"
"1",""
"1","
"
"1","  .."
"1",""
"1","$ "
"1",""
"1","family       "
"1",""
"1",":"
"1"," NULL
"
"1","  .."
"1",""
"1","$ "
"1",""
"1","face         "
"1",""
"1",":"
"1"," NULL
"
"1","  .."
"1",""
"1","$ "
"1",""
"1","colour       "
"1",""
"1",":"
"1"," NULL
"
"1","  .."
"1",""
"1","$ "
"1",""
"1","size         "
"1",""
"1",":"
"1"," NULL
"
"1","  .."
"1",""
"1","$ "
"1",""
"1","hjust        "
"1",""
"1",":"
"1"," NULL
"
"1","  .."
"1",""
"1","$ "
"1",""
"1","vjust        "
"1",""
"1",":"
"1"," num "
"1",""
"1","0"
"1",""
"1","
"
"1","  .."
"1",""
"1","$ "
"1",""
"1","angle        "
"1",""
"1",":"
"1"," NULL
"
"1","  .."
"1",""
"1","$ "
"1",""
"1","lineheight   "
"1",""
"1",":"
"1"," NULL
"
"1","  .."
"1",""
"1","$ "
"1",""
"1","margin       "
"1",""
"1",":"
"1"," 'margin' num [1:4] "
"1",""
"1","0points 0points 2.2points 0points"
"1",""
"1","
"
"1","  .. .."
"1",""
"1","- attr(*, ""unit"")="
"1"," int "
"1",""
"1","8"
"1",""
"1","
"
"1","  .."
"1",""
"1","$ "
"1",""
"1","debug        "
"1",""
"1",":"
"1"," NULL
"
"1","  .."
"1",""
"1","$ "
"1",""
"1","inherit.blank"
"1",""
"1",":"
"1"," logi "
"1",""
"1","TRUE"
"1",""
"1","
"
"1","  .."
"1",""
"1","- attr(*, ""class"")="
"1"," chr [1:2] "
"1",""
"1","""element_text"" ""element"""
"1",""
"1","
"
"1"," "
"1",""
"1","$ "
"1",""
"1","axis.text.x.bottom        "
"1",""
"1",":"
"1"," NULL
"
"1"," "
"1",""
"1","$ "
"1",""
"1","axis.text.y               "
"1",""
"1",":"
"1","List"
"1",""
"1"," of "
"1",""
"1","11"
"1",""
"1","
"
"1","  .."
"1",""
"1","$ "
"1",""
"1","family       "
"1",""
"1",":"
"1"," NULL
"
"1","  .."
"1",""
"1","$ "
"1",""
"1","face         "
"1",""
"1",":"
"1"," NULL
"
"1","  .."
"1",""
"1","$ "
"1",""
"1","colour       "
"1",""
"1",":"
"1"," NULL
"
"1","  .."
"1",""
"1","$ "
"1",""
"1","size         "
"1",""
"1",":"
"1"," NULL
"
"1","  .."
"1",""
"1","$ "
"1",""
"1","hjust        "
"1",""
"1",":"
"1"," num "
"1",""
"1","1"
"1",""
"1","
"
"1","  .."
"1",""
"1","$ "
"1",""
"1","vjust        "
"1",""
"1",":"
"1"," NULL
"
"1","  .."
"1",""
"1","$ "
"1",""
"1","angle        "
"1",""
"1",":"
"1"," NULL
"
"1","  .."
"1",""
"1","$ "
"1",""
"1","lineheight   "
"1",""
"1",":"
"1"," NULL
"
"1","  .."
"1",""
"1","$ "
"1",""
"1","margin       "
"1",""
"1",":"
"1"," 'margin' num [1:4] "
"1",""
"1","0points 2.2points 0points 0points"
"1",""
"1","
"
"1","  .. .."
"1",""
"1","- attr(*, ""unit"")="
"1"," int "
"1",""
"1","8"
"1",""
"1","
"
"1","  .."
"1",""
"1","$ "
"1",""
"1","debug        "
"1",""
"1",":"
"1"," NULL
"
"1","  .."
"1",""
"1","$ "
"1",""
"1","inherit.blank"
"1",""
"1",":"
"1"," logi "
"1",""
"1","TRUE"
"1",""
"1","
"
"1","  .."
"1",""
"1","- attr(*, ""class"")="
"1"," chr [1:2] "
"1",""
"1","""element_text"" ""element"""
"1",""
"1","
"
"1"," "
"1",""
"1","$ "
"1",""
"1","axis.text.y.left          "
"1",""
"1",":"
"1"," NULL
"
"1"," "
"1",""
"1","$ "
"1",""
"1","axis.text.y.right         "
"1",""
"1",":"
"1","List"
"1",""
"1"," of "
"1",""
"1","11"
"1",""
"1","
"
"1","  .."
"1",""
"1","$ "
"1",""
"1","family       "
"1",""
"1",":"
"1"," NULL
"
"1","  .."
"1",""
"1","$ "
"1",""
"1","face         "
"1",""
"1",":"
"1"," NULL
"
"1","  .."
"1",""
"1","$ "
"1",""
"1","colour       "
"1",""
"1",":"
"1"," NULL
"
"1","  .."
"1",""
"1","$ "
"1",""
"1","size         "
"1",""
"1",":"
"1"," NULL
"
"1","  .."
"1",""
"1","$ "
"1",""
"1","hjust        "
"1",""
"1",":"
"1"," num "
"1",""
"1","0"
"1",""
"1","
"
"1","  .."
"1",""
"1","$ "
"1",""
"1","vjust        "
"1",""
"1",":"
"1"," NULL
"
"1","  .."
"1",""
"1","$ "
"1",""
"1","angle        "
"1",""
"1",":"
"1"," NULL
"
"1","  .."
"1",""
"1","$ "
"1",""
"1","lineheight   "
"1",""
"1",":"
"1"," NULL
"
"1","  .."
"1",""
"1","$ "
"1",""
"1","margin       "
"1",""
"1",":"
"1"," 'margin' num [1:4] "
"1",""
"1","0points 0points 0points 2.2points"
"1",""
"1","
"
"1","  .. .."
"1",""
"1","- attr(*, ""unit"")="
"1"," int "
"1",""
"1","8"
"1",""
"1","
"
"1","  .."
"1",""
"1","$ "
"1",""
"1","debug        "
"1",""
"1",":"
"1"," NULL
"
"1","  .."
"1",""
"1","$ "
"1",""
"1","inherit.blank"
"1",""
"1",":"
"1"," logi "
"1",""
"1","TRUE"
"1",""
"1","
"
"1","  .."
"1",""
"1","- attr(*, ""class"")="
"1"," chr [1:2] "
"1",""
"1","""element_text"" ""element"""
"1",""
"1","
"
"1"," "
"1",""
"1","$ "
"1",""
"1","axis.ticks                "
"1",""
"1",":"
"1","List"
"1",""
"1"," of "
"1",""
"1","6"
"1",""
"1","
"
"1","  .."
"1",""
"1","$ "
"1",""
"1","colour       "
"1",""
"1",":"
"1"," chr "
"1",""
"1","""grey70"""
"1",""
"1","
"
"1","  .."
"1",""
"1","$ "
"1",""
"1","size         "
"1",""
"1",":"
"1"," 'rel' num "
"1",""
"1","0.5"
"1",""
"1","
"
"1","  .."
"1",""
"1","$ "
"1",""
"1","linetype     "
"1",""
"1",":"
"1"," NULL
"
"1","  .."
"1",""
"1","$ "
"1",""
"1","lineend      "
"1",""
"1",":"
"1"," NULL
"
"1","  .."
"1",""
"1","$ "
"1",""
"1","arrow        "
"1",""
"1",":"
"1"," logi "
"1",""
"1","FALSE"
"1",""
"1","
"
"1","  .."
"1",""
"1","$ "
"1",""
"1","inherit.blank"
"1",""
"1",":"
"1"," logi "
"1",""
"1","TRUE"
"1",""
"1","
"
"1","  .."
"1",""
"1","- attr(*, ""class"")="
"1"," chr [1:2] "
"1",""
"1","""element_line"" ""element"""
"1",""
"1","
"
"1"," "
"1",""
"1","$ "
"1",""
"1","axis.ticks.x              "
"1",""
"1",":"
"1"," NULL
"
"1"," "
"1",""
"1","$ "
"1",""
"1","axis.ticks.x.top          "
"1",""
"1",":"
"1"," NULL
"
"1"," "
"1",""
"1","$ "
"1",""
"1","axis.ticks.x.bottom       "
"1",""
"1",":"
"1"," NULL
"
"1"," "
"1",""
"1","$ "
"1",""
"1","axis.ticks.y              "
"1",""
"1",":"
"1"," NULL
"
"1"," "
"1",""
"1","$ "
"1",""
"1","axis.ticks.y.left         "
"1",""
"1",":"
"1"," NULL
"
"1"," "
"1",""
"1","$ "
"1",""
"1","axis.ticks.y.right        "
"1",""
"1",":"
"1"," NULL
"
"1"," "
"1",""
"1","$ "
"1",""
"1","axis.ticks.length         "
"1",""
"1",":"
"1"," 'simpleUnit' num "
"1",""
"1","2.75points"
"1",""
"1","
"
"1","  .."
"1",""
"1","- attr(*, ""unit"")="
"1"," int "
"1",""
"1","8"
"1",""
"1","
"
"1"," "
"1",""
"1","$ "
"1",""
"1","axis.ticks.length.x       "
"1",""
"1",":"
"1"," NULL
"
"1"," "
"1",""
"1","$ "
"1",""
"1","axis.ticks.length.x.top   "
"1",""
"1",":"
"1"," NULL
"
"1"," "
"1",""
"1","$ "
"1",""
"1","axis.ticks.length.x.bottom"
"1",""
"1",":"
"1"," NULL
"
"1"," "
"1",""
"1","$ "
"1",""
"1","axis.ticks.length.y       "
"1",""
"1",":"
"1"," NULL
"
"1"," "
"1",""
"1","$ "
"1",""
"1","axis.ticks.length.y.left  "
"1",""
"1",":"
"1"," NULL
"
"1"," "
"1",""
"1","$ "
"1",""
"1","axis.ticks.length.y.right "
"1",""
"1",":"
"1"," NULL
"
"1"," "
"1",""
"1","$ "
"1",""
"1","axis.line                 "
"1",""
"1",":"
"1"," "
"1",""
"1","list()
"
"1","  .."
"1",""
"1","- attr(*, ""class"")="
"1"," chr [1:2] "
"1",""
"1","""element_blank"" ""element"""
"1",""
"1","
"
"1"," "
"1",""
"1","$ "
"1",""
"1","axis.line.x               "
"1",""
"1",":"
"1"," NULL
"
"1"," "
"1",""
"1","$ "
"1",""
"1","axis.line.x.top           "
"1",""
"1",":"
"1"," NULL
"
"1"," "
"1",""
"1","$ "
"1",""
"1","axis.line.x.bottom        "
"1",""
"1",":"
"1"," NULL
"
"1"," "
"1",""
"1","$ "
"1",""
"1","axis.line.y               "
"1",""
"1",":"
"1"," NULL
"
"1"," "
"1",""
"1","$ "
"1",""
"1","axis.line.y.left          "
"1",""
"1",":"
"1"," NULL
"
"1"," "
"1",""
"1","$ "
"1",""
"1","axis.line.y.right         "
"1",""
"1",":"
"1"," NULL
"
"1"," "
"1",""
"1","$ "
"1",""
"1","legend.background         "
"1",""
"1",":"
"1","List"
"1",""
"1"," of "
"1",""
"1","5"
"1",""
"1","
"
"1","  .."
"1",""
"1","$ "
"1",""
"1","fill         "
"1",""
"1",":"
"1"," NULL
"
"1","  .."
"1",""
"1","$ "
"1",""
"1","colour       "
"1",""
"1",":"
"1"," logi "
"1",""
"1","NA"
"1",""
"1","
"
"1","  .."
"1",""
"1","$ "
"1",""
"1","size         "
"1",""
"1",":"
"1"," NULL
"
"1","  .."
"1",""
"1","$ "
"1",""
"1","linetype     "
"1",""
"1",":"
"1"," NULL
"
"1","  .."
"1",""
"1","$ "
"1",""
"1","inherit.blank"
"1",""
"1",":"
"1"," logi "
"1",""
"1","TRUE"
"1",""
"1","
"
"1","  .."
"1",""
"1","- attr(*, ""class"")="
"1"," chr [1:2] "
"1",""
"1","""element_rect"" ""element"""
"1",""
"1","
"
"1"," "
"1",""
"1","$ "
"1",""
"1","legend.margin             "
"1",""
"1",":"
"1"," 'margin' num [1:4] "
"1",""
"1","5.5points 5.5points 5.5points 5.5points"
"1",""
"1","
"
"1","  .."
"1",""
"1","- attr(*, ""unit"")="
"1"," int "
"1",""
"1","8"
"1",""
"1","
"
"1"," "
"1",""
"1","$ "
"1",""
"1","legend.spacing            "
"1",""
"1",":"
"1"," 'simpleUnit' num "
"1",""
"1","11points"
"1",""
"1","
"
"1","  .."
"1",""
"1","- attr(*, ""unit"")="
"1"," int "
"1",""
"1","8"
"1",""
"1","
"
"1"," "
"1",""
"1","$ "
"1",""
"1","legend.spacing.x          "
"1",""
"1",":"
"1"," NULL
"
"1"," "
"1",""
"1","$ "
"1",""
"1","legend.spacing.y          "
"1",""
"1",":"
"1"," NULL
"
"1"," "
"1",""
"1","$ "
"1",""
"1","legend.key                "
"1",""
"1",":"
"1","List"
"1",""
"1"," of "
"1",""
"1","5"
"1",""
"1","
"
"1","  .."
"1",""
"1","$ "
"1",""
"1","fill         "
"1",""
"1",":"
"1"," chr "
"1",""
"1","""white"""
"1",""
"1","
"
"1","  .."
"1",""
"1","$ "
"1",""
"1","colour       "
"1",""
"1",":"
"1"," logi "
"1",""
"1","NA"
"1",""
"1","
"
"1","  .."
"1",""
"1","$ "
"1",""
"1","size         "
"1",""
"1",":"
"1"," NULL
"
"1","  .."
"1",""
"1","$ "
"1",""
"1","linetype     "
"1",""
"1",":"
"1"," NULL
"
"1","  .."
"1",""
"1","$ "
"1",""
"1","inherit.blank"
"1",""
"1",":"
"1"," logi "
"1",""
"1","TRUE"
"1",""
"1","
"
"1","  .."
"1",""
"1","- attr(*, ""class"")="
"1"," chr [1:2] "
"1",""
"1","""element_rect"" ""element"""
"1",""
"1","
"
"1"," "
"1",""
"1","$ "
"1",""
"1","legend.key.size           "
"1",""
"1",":"
"1"," 'simpleUnit' num "
"1",""
"1","1.2lines"
"1",""
"1","
"
"1","  .."
"1",""
"1","- attr(*, ""unit"")="
"1"," int "
"1",""
"1","3"
"1",""
"1","
"
"1"," "
"1",""
"1","$ "
"1",""
"1","legend.key.height         "
"1",""
"1",":"
"1"," NULL
"
"1"," "
"1",""
"1","$ "
"1",""
"1","legend.key.width          "
"1",""
"1",":"
"1"," NULL
"
"1"," "
"1",""
"1","$ "
"1",""
"1","legend.text               "
"1",""
"1",":"
"1","List"
"1",""
"1"," of "
"1",""
"1","11"
"1",""
"1","
"
"1","  .."
"1",""
"1","$ "
"1",""
"1","family       "
"1",""
"1",":"
"1"," NULL
"
"1","  .."
"1",""
"1","$ "
"1",""
"1","face         "
"1",""
"1",":"
"1"," NULL
"
"1","  .."
"1",""
"1","$ "
"1",""
"1","colour       "
"1",""
"1",":"
"1"," NULL
"
"1","  .."
"1",""
"1","$ "
"1",""
"1","size         "
"1",""
"1",":"
"1"," 'rel' num "
"1",""
"1","0.8"
"1",""
"1","
"
"1","  .."
"1",""
"1","$ "
"1",""
"1","hjust        "
"1",""
"1",":"
"1"," NULL
"
"1","  .."
"1",""
"1","$ "
"1",""
"1","vjust        "
"1",""
"1",":"
"1"," NULL
"
"1","  .."
"1",""
"1","$ "
"1",""
"1","angle        "
"1",""
"1",":"
"1"," NULL
"
"1","  .."
"1",""
"1","$ "
"1",""
"1","lineheight   "
"1",""
"1",":"
"1"," NULL
"
"1","  .."
"1",""
"1","$ "
"1",""
"1","margin       "
"1",""
"1",":"
"1"," NULL
"
"1","  .."
"1",""
"1","$ "
"1",""
"1","debug        "
"1",""
"1",":"
"1"," NULL
"
"1","  .."
"1",""
"1","$ "
"1",""
"1","inherit.blank"
"1",""
"1",":"
"1"," logi "
"1",""
"1","TRUE"
"1",""
"1","
"
"1","  .."
"1",""
"1","- attr(*, ""class"")="
"1"," chr [1:2] "
"1",""
"1","""element_text"" ""element"""
"1",""
"1","
"
"1"," "
"1",""
"1","$ "
"1",""
"1","legend.text.align         "
"1",""
"1",":"
"1"," NULL
"
"1"," "
"1",""
"1","$ "
"1",""
"1","legend.title              "
"1",""
"1",":"
"1","List"
"1",""
"1"," of "
"1",""
"1","11"
"1",""
"1","
"
"1","  .."
"1",""
"1","$ "
"1",""
"1","family       "
"1",""
"1",":"
"1"," NULL
"
"1","  .."
"1",""
"1","$ "
"1",""
"1","face         "
"1",""
"1",":"
"1"," NULL
"
"1","  .."
"1",""
"1","$ "
"1",""
"1","colour       "
"1",""
"1",":"
"1"," NULL
"
"1","  .."
"1",""
"1","$ "
"1",""
"1","size         "
"1",""
"1",":"
"1"," NULL
"
"1","  .."
"1",""
"1","$ "
"1",""
"1","hjust        "
"1",""
"1",":"
"1"," num "
"1",""
"1","0"
"1",""
"1","
"
"1","  .."
"1",""
"1","$ "
"1",""
"1","vjust        "
"1",""
"1",":"
"1"," NULL
"
"1","  .."
"1",""
"1","$ "
"1",""
"1","angle        "
"1",""
"1",":"
"1"," NULL
"
"1","  .."
"1",""
"1","$ "
"1",""
"1","lineheight   "
"1",""
"1",":"
"1"," NULL
"
"1","  .."
"1",""
"1","$ "
"1",""
"1","margin       "
"1",""
"1",":"
"1"," NULL
"
"1","  .."
"1",""
"1","$ "
"1",""
"1","debug        "
"1",""
"1",":"
"1"," NULL
"
"1","  .."
"1",""
"1","$ "
"1",""
"1","inherit.blank"
"1",""
"1",":"
"1"," logi "
"1",""
"1","TRUE"
"1",""
"1","
"
"1","  .."
"1",""
"1","- attr(*, ""class"")="
"1"," chr [1:2] "
"1",""
"1","""element_text"" ""element"""
"1",""
"1","
"
"1"," "
"1",""
"1","$ "
"1",""
"1","legend.title.align        "
"1",""
"1",":"
"1"," NULL
"
"1"," "
"1",""
"1","$ "
"1",""
"1","legend.position           "
"1",""
"1",":"
"1"," chr "
"1",""
"1","""right"""
"1",""
"1","
"
"1"," "
"1",""
"1","$ "
"1",""
"1","legend.direction          "
"1",""
"1",":"
"1"," NULL
"
"1"," "
"1",""
"1","$ "
"1",""
"1","legend.justification      "
"1",""
"1",":"
"1"," chr "
"1",""
"1","""center"""
"1",""
"1","
"
"1"," "
"1",""
"1","$ "
"1",""
"1","legend.box                "
"1",""
"1",":"
"1"," NULL
"
"1"," "
"1",""
"1","$ "
"1",""
"1","legend.box.just           "
"1",""
"1",":"
"1"," NULL
"
"1"," "
"1",""
"1","$ "
"1",""
"1","legend.box.margin         "
"1",""
"1",":"
"1"," 'margin' num [1:4] "
"1",""
"1","0cm 0cm 0cm 0cm"
"1",""
"1","
"
"1","  .."
"1",""
"1","- attr(*, ""unit"")="
"1"," int "
"1",""
"1","1"
"1",""
"1","
"
"1"," "
"1",""
"1","$ "
"1",""
"1","legend.box.background     "
"1",""
"1",":"
"1"," "
"1",""
"1","list()
"
"1","  .."
"1",""
"1","- attr(*, ""class"")="
"1"," chr [1:2] "
"1",""
"1","""element_blank"" ""element"""
"1",""
"1","
"
"1"," "
"1",""
"1","$ "
"1",""
"1","legend.box.spacing        "
"1",""
"1",":"
"1"," 'simpleUnit' num "
"1",""
"1","11points"
"1",""
"1","
"
"1","  .."
"1",""
"1","- attr(*, ""unit"")="
"1"," int "
"1",""
"1","8"
"1",""
"1","
"
"1"," "
"1",""
"1","$ "
"1",""
"1","panel.background          "
"1",""
"1",":"
"1","List"
"1",""
"1"," of "
"1",""
"1","5"
"1",""
"1","
"
"1","  .."
"1",""
"1","$ "
"1",""
"1","fill         "
"1",""
"1",":"
"1"," chr "
"1",""
"1","""white"""
"1",""
"1","
"
"1","  .."
"1",""
"1","$ "
"1",""
"1","colour       "
"1",""
"1",":"
"1"," logi "
"1",""
"1","NA"
"1",""
"1","
"
"1","  .."
"1",""
"1","$ "
"1",""
"1","size         "
"1",""
"1",":"
"1"," NULL
"
"1","  .."
"1",""
"1","$ "
"1",""
"1","linetype     "
"1",""
"1",":"
"1"," NULL
"
"1","  .."
"1",""
"1","$ "
"1",""
"1","inherit.blank"
"1",""
"1",":"
"1"," logi "
"1",""
"1","TRUE"
"1",""
"1","
"
"1","  .."
"1",""
"1","- attr(*, ""class"")="
"1"," chr [1:2] "
"1",""
"1","""element_rect"" ""element"""
"1",""
"1","
"
"1"," "
"1",""
"1","$ "
"1",""
"1","panel.border              "
"1",""
"1",":"
"1","List"
"1",""
"1"," of "
"1",""
"1","5"
"1",""
"1","
"
"1","  .."
"1",""
"1","$ "
"1",""
"1","fill         "
"1",""
"1",":"
"1"," logi "
"1",""
"1","NA"
"1",""
"1","
"
"1","  .."
"1",""
"1","$ "
"1",""
"1","colour       "
"1",""
"1",":"
"1"," chr "
"1",""
"1","""grey70"""
"1",""
"1","
"
"1","  .."
"1",""
"1","$ "
"1",""
"1","size         "
"1",""
"1",":"
"1"," 'rel' num "
"1",""
"1","1"
"1",""
"1","
"
"1","  .."
"1",""
"1","$ "
"1",""
"1","linetype     "
"1",""
"1",":"
"1"," NULL
"
"1","  .."
"1",""
"1","$ "
"1",""
"1","inherit.blank"
"1",""
"1",":"
"1"," logi "
"1",""
"1","TRUE"
"1",""
"1","
"
"1","  .."
"1",""
"1","- attr(*, ""class"")="
"1"," chr [1:2] "
"1",""
"1","""element_rect"" ""element"""
"1",""
"1","
"
"1"," "
"1",""
"1","$ "
"1",""
"1","panel.spacing             "
"1",""
"1",":"
"1"," 'simpleUnit' num "
"1",""
"1","5.5points"
"1",""
"1","
"
"1","  .."
"1",""
"1","- attr(*, ""unit"")="
"1"," int "
"1",""
"1","8"
"1",""
"1","
"
"1"," "
"1",""
"1","$ "
"1",""
"1","panel.spacing.x           "
"1",""
"1",":"
"1"," NULL
"
"1"," "
"1",""
"1","$ "
"1",""
"1","panel.spacing.y           "
"1",""
"1",":"
"1"," NULL
"
"1"," "
"1",""
"1","$ "
"1",""
"1","panel.grid                "
"1",""
"1",":"
"1","List"
"1",""
"1"," of "
"1",""
"1","6"
"1",""
"1","
"
"1","  .."
"1",""
"1","$ "
"1",""
"1","colour       "
"1",""
"1",":"
"1"," chr "
"1",""
"1","""grey87"""
"1",""
"1","
"
"1","  .."
"1",""
"1","$ "
"1",""
"1","size         "
"1",""
"1",":"
"1"," NULL
"
"1","  .."
"1",""
"1","$ "
"1",""
"1","linetype     "
"1",""
"1",":"
"1"," NULL
"
"1","  .."
"1",""
"1","$ "
"1",""
"1","lineend      "
"1",""
"1",":"
"1"," NULL
"
"1","  .."
"1",""
"1","$ "
"1",""
"1","arrow        "
"1",""
"1",":"
"1"," logi "
"1",""
"1","FALSE"
"1",""
"1","
"
"1","  .."
"1",""
"1","$ "
"1",""
"1","inherit.blank"
"1",""
"1",":"
"1"," logi "
"1",""
"1","TRUE"
"1",""
"1","
"
"1","  .."
"1",""
"1","- attr(*, ""class"")="
"1"," chr [1:2] "
"1",""
"1","""element_line"" ""element"""
"1",""
"1","
"
"1"," "
"1",""
"1","$ "
"1",""
"1","panel.grid.major          "
"1",""
"1",":"
"1","List"
"1",""
"1"," of "
"1",""
"1","6"
"1",""
"1","
"
"1","  .."
"1",""
"1","$ "
"1",""
"1","colour       "
"1",""
"1",":"
"1"," NULL
"
"1","  .."
"1",""
"1","$ "
"1",""
"1","size         "
"1",""
"1",":"
"1"," 'rel' num "
"1",""
"1","0.5"
"1",""
"1","
"
"1","  .."
"1",""
"1","$ "
"1",""
"1","linetype     "
"1",""
"1",":"
"1"," NULL
"
"1","  .."
"1",""
"1","$ "
"1",""
"1","lineend      "
"1",""
"1",":"
"1"," NULL
"
"1","  .."
"1",""
"1","$ "
"1",""
"1","arrow        "
"1",""
"1",":"
"1"," logi "
"1",""
"1","FALSE"
"1",""
"1","
"
"1","  .."
"1",""
"1","$ "
"1",""
"1","inherit.blank"
"1",""
"1",":"
"1"," logi "
"1",""
"1","TRUE"
"1",""
"1","
"
"1","  .."
"1",""
"1","- attr(*, ""class"")="
"1"," chr [1:2] "
"1",""
"1","""element_line"" ""element"""
"1",""
"1","
"
"1"," "
"1",""
"1","$ "
"1",""
"1","panel.grid.minor          "
"1",""
"1",":"
"1","List"
"1",""
"1"," of "
"1",""
"1","6"
"1",""
"1","
"
"1","  .."
"1",""
"1","$ "
"1",""
"1","colour       "
"1",""
"1",":"
"1"," NULL
"
"1","  .."
"1",""
"1","$ "
"1",""
"1","size         "
"1",""
"1",":"
"1"," 'rel' num "
"1",""
"1","0.25"
"1",""
"1","
"
"1","  .."
"1",""
"1","$ "
"1",""
"1","linetype     "
"1",""
"1",":"
"1"," NULL
"
"1","  .."
"1",""
"1","$ "
"1",""
"1","lineend      "
"1",""
"1",":"
"1"," NULL
"
"1","  .."
"1",""
"1","$ "
"1",""
"1","arrow        "
"1",""
"1",":"
"1"," logi "
"1",""
"1","FALSE"
"1",""
"1","
"
"1","  .."
"1",""
"1","$ "
"1",""
"1","inherit.blank"
"1",""
"1",":"
"1"," logi "
"1",""
"1","TRUE"
"1",""
"1","
"
"1","  .."
"1",""
"1","- attr(*, ""class"")="
"1"," chr [1:2] "
"1",""
"1","""element_line"" ""element"""
"1",""
"1","
"
"1"," "
"1",""
"1","$ "
"1",""
"1","panel.grid.major.x        "
"1",""
"1",":"
"1"," NULL
"
"1"," "
"1",""
"1","$ "
"1",""
"1","panel.grid.major.y        "
"1",""
"1",":"
"1"," NULL
"
"1"," "
"1",""
"1","$ "
"1",""
"1","panel.grid.minor.x        "
"1",""
"1",":"
"1"," NULL
"
"1"," "
"1",""
"1","$ "
"1",""
"1","panel.grid.minor.y        "
"1",""
"1",":"
"1"," NULL
"
"1"," "
"1",""
"1","$ "
"1",""
"1","panel.ontop               "
"1",""
"1",":"
"1"," logi "
"1",""
"1","FALSE"
"1",""
"1","
"
"1"," "
"1",""
"1","$ "
"1",""
"1","plot.background           "
"1",""
"1",":"
"1","List"
"1",""
"1"," of "
"1",""
"1","5"
"1",""
"1","
"
"1","  .."
"1",""
"1","$ "
"1",""
"1","fill         "
"1",""
"1",":"
"1"," NULL
"
"1","  .."
"1",""
"1","$ "
"1",""
"1","colour       "
"1",""
"1",":"
"1"," chr "
"1",""
"1","""white"""
"1",""
"1","
"
"1","  .."
"1",""
"1","$ "
"1",""
"1","size         "
"1",""
"1",":"
"1"," NULL
"
"1","  .."
"1",""
"1","$ "
"1",""
"1","linetype     "
"1",""
"1",":"
"1"," NULL
"
"1","  .."
"1",""
"1","$ "
"1",""
"1","inherit.blank"
"1",""
"1",":"
"1"," logi "
"1",""
"1","TRUE"
"1",""
"1","
"
"1","  .."
"1",""
"1","- attr(*, ""class"")="
"1"," chr [1:2] "
"1",""
"1","""element_rect"" ""element"""
"1",""
"1","
"
"1"," "
"1",""
"1","$ "
"1",""
"1","plot.title                "
"1",""
"1",":"
"1","List"
"1",""
"1"," of "
"1",""
"1","11"
"1",""
"1","
"
"1","  .."
"1",""
"1","$ "
"1",""
"1","family       "
"1",""
"1",":"
"1"," NULL
"
"1","  .."
"1",""
"1","$ "
"1",""
"1","face         "
"1",""
"1",":"
"1"," NULL
"
"1","  .."
"1",""
"1","$ "
"1",""
"1","colour       "
"1",""
"1",":"
"1"," NULL
"
"1","  .."
"1",""
"1","$ "
"1",""
"1","size         "
"1",""
"1",":"
"1"," 'rel' num "
"1",""
"1","1.2"
"1",""
"1","
"
"1","  .."
"1",""
"1","$ "
"1",""
"1","hjust        "
"1",""
"1",":"
"1"," num "
"1",""
"1","0"
"1",""
"1","
"
"1","  .."
"1",""
"1","$ "
"1",""
"1","vjust        "
"1",""
"1",":"
"1"," num "
"1",""
"1","1"
"1",""
"1","
"
"1","  .."
"1",""
"1","$ "
"1",""
"1","angle        "
"1",""
"1",":"
"1"," NULL
"
"1","  .."
"1",""
"1","$ "
"1",""
"1","lineheight   "
"1",""
"1",":"
"1"," NULL
"
"1","  .."
"1",""
"1","$ "
"1",""
"1","margin       "
"1",""
"1",":"
"1"," 'margin' num [1:4] "
"1",""
"1","0points 0points 5.5points 0points"
"1",""
"1","
"
"1","  .. .."
"1",""
"1","- attr(*, ""unit"")="
"1"," int "
"1",""
"1","8"
"1",""
"1","
"
"1","  .."
"1",""
"1","$ "
"1",""
"1","debug        "
"1",""
"1",":"
"1"," NULL
"
"1","  .."
"1",""
"1","$ "
"1",""
"1","inherit.blank"
"1",""
"1",":"
"1"," logi "
"1",""
"1","TRUE"
"1",""
"1","
"
"1","  .."
"1",""
"1","- attr(*, ""class"")="
"1"," chr [1:2] "
"1",""
"1","""element_text"" ""element"""
"1",""
"1","
"
"1"," "
"1",""
"1","$ "
"1",""
"1","plot.title.position       "
"1",""
"1",":"
"1"," chr "
"1",""
"1","""panel"""
"1",""
"1","
"
"1"," "
"1",""
"1","$ "
"1",""
"1","plot.subtitle             "
"1",""
"1",":"
"1","List"
"1",""
"1"," of "
"1",""
"1","11"
"1",""
"1","
"
"1","  .."
"1",""
"1","$ "
"1",""
"1","family       "
"1",""
"1",":"
"1"," NULL
"
"1","  .."
"1",""
"1","$ "
"1",""
"1","face         "
"1",""
"1",":"
"1"," NULL
"
"1","  .."
"1",""
"1","$ "
"1",""
"1","colour       "
"1",""
"1",":"
"1"," NULL
"
"1","  .."
"1",""
"1","$ "
"1",""
"1","size         "
"1",""
"1",":"
"1"," NULL
"
"1","  .."
"1",""
"1","$ "
"1",""
"1","hjust        "
"1",""
"1",":"
"1"," num "
"1",""
"1","0"
"1",""
"1","
"
"1","  .."
"1",""
"1","$ "
"1",""
"1","vjust        "
"1",""
"1",":"
"1"," num "
"1",""
"1","1"
"1",""
"1","
"
"1","  .."
"1",""
"1","$ "
"1",""
"1","angle        "
"1",""
"1",":"
"1"," NULL
"
"1","  .."
"1",""
"1","$ "
"1",""
"1","lineheight   "
"1",""
"1",":"
"1"," NULL
"
"1","  .."
"1",""
"1","$ "
"1",""
"1","margin       "
"1",""
"1",":"
"1"," 'margin' num [1:4] "
"1",""
"1","0points 0points 5.5points 0points"
"1",""
"1","
"
"1","  .. .."
"1",""
"1","- attr(*, ""unit"")="
"1"," int "
"1",""
"1","8"
"1",""
"1","
"
"1","  .."
"1",""
"1","$ "
"1",""
"1","debug        "
"1",""
"1",":"
"1"," NULL
"
"1","  .."
"1",""
"1","$ "
"1",""
"1","inherit.blank"
"1",""
"1",":"
"1"," logi "
"1",""
"1","TRUE"
"1",""
"1","
"
"1","  .."
"1",""
"1","- attr(*, ""class"")="
"1"," chr [1:2] "
"1",""
"1","""element_text"" ""element"""
"1",""
"1","
"
"1"," "
"1",""
"1","$ "
"1",""
"1","plot.caption              "
"1",""
"1",":"
"1","List"
"1",""
"1"," of "
"1",""
"1","11"
"1",""
"1","
"
"1","  .."
"1",""
"1","$ "
"1",""
"1","family       "
"1",""
"1",":"
"1"," NULL
"
"1","  .."
"1",""
"1","$ "
"1",""
"1","face         "
"1",""
"1",":"
"1"," NULL
"
"1","  .."
"1",""
"1","$ "
"1",""
"1","colour       "
"1",""
"1",":"
"1"," NULL
"
"1","  .."
"1",""
"1","$ "
"1",""
"1","size         "
"1",""
"1",":"
"1"," 'rel' num "
"1",""
"1","0.8"
"1",""
"1","
"
"1","  .."
"1",""
"1","$ "
"1",""
"1","hjust        "
"1",""
"1",":"
"1"," num "
"1",""
"1","1"
"1",""
"1","
"
"1","  .."
"1",""
"1","$ "
"1",""
"1","vjust        "
"1",""
"1",":"
"1"," num "
"1",""
"1","1"
"1",""
"1","
"
"1","  .."
"1",""
"1","$ "
"1",""
"1","angle        "
"1",""
"1",":"
"1"," NULL
"
"1","  .."
"1",""
"1","$ "
"1",""
"1","lineheight   "
"1",""
"1",":"
"1"," NULL
"
"1","  .."
"1",""
"1","$ "
"1",""
"1","margin       "
"1",""
"1",":"
"1"," 'margin' num [1:4] "
"1",""
"1","5.5points 0points 0points 0points"
"1",""
"1","
"
"1","  .. .."
"1",""
"1","- attr(*, ""unit"")="
"1"," int "
"1",""
"1","8"
"1",""
"1","
"
"1","  .."
"1",""
"1","$ "
"1",""
"1","debug        "
"1",""
"1",":"
"1"," NULL
"
"1","  .."
"1",""
"1","$ "
"1",""
"1","inherit.blank"
"1",""
"1",":"
"1"," logi "
"1",""
"1","TRUE"
"1",""
"1","
"
"1","  .."
"1",""
"1","- attr(*, ""class"")="
"1"," chr [1:2] "
"1",""
"1","""element_text"" ""element"""
"1",""
"1","
"
"1"," "
"1",""
"1","$ "
"1",""
"1","plot.caption.position     "
"1",""
"1",":"
"1"," chr "
"1",""
"1","""panel"""
"1",""
"1","
"
"1"," "
"1",""
"1","$ "
"1",""
"1","plot.tag                  "
"1",""
"1",":"
"1","List"
"1",""
"1"," of "
"1",""
"1","11"
"1",""
"1","
"
"1","  .."
"1",""
"1","$ "
"1",""
"1","family       "
"1",""
"1",":"
"1"," NULL
"
"1","  .."
"1",""
"1","$ "
"1",""
"1","face         "
"1",""
"1",":"
"1"," NULL
"
"1","  .."
"1",""
"1","$ "
"1",""
"1","colour       "
"1",""
"1",":"
"1"," NULL
"
"1","  .."
"1",""
"1","$ "
"1",""
"1","size         "
"1",""
"1",":"
"1"," 'rel' num "
"1",""
"1","1.2"
"1",""
"1","
"
"1","  .."
"1",""
"1","$ "
"1",""
"1","hjust        "
"1",""
"1",":"
"1"," num "
"1",""
"1","0.5"
"1",""
"1","
"
"1","  .."
"1",""
"1","$ "
"1",""
"1","vjust        "
"1",""
"1",":"
"1"," num "
"1",""
"1","0.5"
"1",""
"1","
"
"1","  .."
"1",""
"1","$ "
"1",""
"1","angle        "
"1",""
"1",":"
"1"," NULL
"
"1","  .."
"1",""
"1","$ "
"1",""
"1","lineheight   "
"1",""
"1",":"
"1"," NULL
"
"1","  .."
"1",""
"1","$ "
"1",""
"1","margin       "
"1",""
"1",":"
"1"," NULL
"
"1","  .."
"1",""
"1","$ "
"1",""
"1","debug        "
"1",""
"1",":"
"1"," NULL
"
"1","  .."
"1",""
"1","$ "
"1",""
"1","inherit.blank"
"1",""
"1",":"
"1"," logi "
"1",""
"1","TRUE"
"1",""
"1","
"
"1","  .."
"1",""
"1","- attr(*, ""class"")="
"1"," chr [1:2] "
"1",""
"1","""element_text"" ""element"""
"1",""
"1","
"
"1"," "
"1",""
"1","$ "
"1",""
"1","plot.tag.position         "
"1",""
"1",":"
"1"," chr "
"1",""
"1","""topleft"""
"1",""
"1","
"
"1"," "
"1",""
"1","$ "
"1",""
"1","plot.margin               "
"1",""
"1",":"
"1"," 'margin' num [1:4] "
"1",""
"1","5.5points 5.5points 5.5points 5.5points"
"1",""
"1","
"
"1","  .."
"1",""
"1","- attr(*, ""unit"")="
"1"," int "
"1",""
"1","8"
"1",""
"1","
"
"1"," "
"1",""
"1","$ "
"1",""
"1","strip.background          "
"1",""
"1",":"
"1","List"
"1",""
"1"," of "
"1",""
"1","5"
"1",""
"1","
"
"1","  .."
"1",""
"1","$ "
"1",""
"1","fill         "
"1",""
"1",":"
"1"," chr "
"1",""
"1","""grey70"""
"1",""
"1","
"
"1","  .."
"1",""
"1","$ "
"1",""
"1","colour       "
"1",""
"1",":"
"1"," logi "
"1",""
"1","NA"
"1",""
"1","
"
"1","  .."
"1",""
"1","$ "
"1",""
"1","size         "
"1",""
"1",":"
"1"," NULL
"
"1","  .."
"1",""
"1","$ "
"1",""
"1","linetype     "
"1",""
"1",":"
"1"," NULL
"
"1","  .."
"1",""
"1","$ "
"1",""
"1","inherit.blank"
"1",""
"1",":"
"1"," logi "
"1",""
"1","TRUE"
"1",""
"1","
"
"1","  .."
"1",""
"1","- attr(*, ""class"")="
"1"," chr [1:2] "
"1",""
"1","""element_rect"" ""element"""
"1",""
"1","
"
"1"," "
"1",""
"1","$ "
"1",""
"1","strip.background.x        "
"1",""
"1",":"
"1"," NULL
"
"1"," "
"1",""
"1","$ "
"1",""
"1","strip.background.y        "
"1",""
"1",":"
"1"," NULL
"
"1"," "
"1",""
"1","$ "
"1",""
"1","strip.placement           "
"1",""
"1",":"
"1"," chr "
"1",""
"1","""inside"""
"1",""
"1","
"
"1"," "
"1",""
"1","$ "
"1",""
"1","strip.text                "
"1",""
"1",":"
"1","List"
"1",""
"1"," of "
"1",""
"1","11"
"1",""
"1","
"
"1","  .."
"1",""
"1","$ "
"1",""
"1","family       "
"1",""
"1",":"
"1"," NULL
"
"1","  .."
"1",""
"1","$ "
"1",""
"1","face         "
"1",""
"1",":"
"1"," NULL
"
"1","  .."
"1",""
"1","$ "
"1",""
"1","colour       "
"1",""
"1",":"
"1"," chr "
"1",""
"1","""white"""
"1",""
"1","
"
"1","  .."
"1",""
"1","$ "
"1",""
"1","size         "
"1",""
"1",":"
"1"," 'rel' num "
"1",""
"1","0.8"
"1",""
"1","
"
"1","  .."
"1",""
"1","$ "
"1",""
"1","hjust        "
"1",""
"1",":"
"1"," NULL
"
"1","  .."
"1",""
"1","$ "
"1",""
"1","vjust        "
"1",""
"1",":"
"1"," NULL
"
"1","  .."
"1",""
"1","$ "
"1",""
"1","angle        "
"1",""
"1",":"
"1"," NULL
"
"1","  .."
"1",""
"1","$ "
"1",""
"1","lineheight   "
"1",""
"1",":"
"1"," NULL
"
"1","  .."
"1",""
"1","$ "
"1",""
"1","margin       "
"1",""
"1",":"
"1"," 'margin' num [1:4] "
"1",""
"1","4.4points 4.4points 4.4points 4.4points"
"1",""
"1","
"
"1","  .. .."
"1",""
"1","- attr(*, ""unit"")="
"1"," int "
"1",""
"1","8"
"1",""
"1","
"
"1","  .."
"1",""
"1","$ "
"1",""
"1","debug        "
"1",""
"1",":"
"1"," NULL
"
"1","  .."
"1",""
"1","$ "
"1",""
"1","inherit.blank"
"1",""
"1",":"
"1"," logi "
"1",""
"1","TRUE"
"1",""
"1","
"
"1","  .."
"1",""
"1","- attr(*, ""class"")="
"1"," chr [1:2] "
"1",""
"1","""element_text"" ""element"""
"1",""
"1","
"
"1"," "
"1",""
"1","$ "
"1",""
"1","strip.text.x              "
"1",""
"1",":"
"1"," NULL
"
"1"," "
"1",""
"1","$ "
"1",""
"1","strip.text.y              "
"1",""
"1",":"
"1","List"
"1",""
"1"," of "
"1",""
"1","11"
"1",""
"1","
"
"1","  .."
"1",""
"1","$ "
"1",""
"1","family       "
"1",""
"1",":"
"1"," NULL
"
"1","  .."
"1",""
"1","$ "
"1",""
"1","face         "
"1",""
"1",":"
"1"," NULL
"
"1","  .."
"1",""
"1","$ "
"1",""
"1","colour       "
"1",""
"1",":"
"1"," NULL
"
"1","  .."
"1",""
"1","$ "
"1",""
"1","size         "
"1",""
"1",":"
"1"," NULL
"
"1","  .."
"1",""
"1","$ "
"1",""
"1","hjust        "
"1",""
"1",":"
"1"," NULL
"
"1","  .."
"1",""
"1","$ "
"1",""
"1","vjust        "
"1",""
"1",":"
"1"," NULL
"
"1","  .."
"1",""
"1","$ "
"1",""
"1","angle        "
"1",""
"1",":"
"1"," num "
"1",""
"1","-90"
"1",""
"1","
"
"1","  .."
"1",""
"1","$ "
"1",""
"1","lineheight   "
"1",""
"1",":"
"1"," NULL
"
"1","  .."
"1",""
"1","$ "
"1",""
"1","margin       "
"1",""
"1",":"
"1"," NULL
"
"1","  .."
"1",""
"1","$ "
"1",""
"1","debug        "
"1",""
"1",":"
"1"," NULL
"
"1","  .."
"1",""
"1","$ "
"1",""
"1","inherit.blank"
"1",""
"1",":"
"1"," logi "
"1",""
"1","TRUE"
"1",""
"1","
"
"1","  .."
"1",""
"1","- attr(*, ""class"")="
"1"," chr [1:2] "
"1",""
"1","""element_text"" ""element"""
"1",""
"1","
"
"1"," "
"1",""
"1","$ "
"1",""
"1","strip.switch.pad.grid     "
"1",""
"1",":"
"1"," 'simpleUnit' num "
"1",""
"1","2.75points"
"1",""
"1","
"
"1","  .."
"1",""
"1","- attr(*, ""unit"")="
"1"," int "
"1",""
"1","8"
"1",""
"1","
"
"1"," "
"1",""
"1","$ "
"1",""
"1","strip.switch.pad.wrap     "
"1",""
"1",":"
"1"," 'simpleUnit' num "
"1",""
"1","2.75points"
"1",""
"1","
"
"1","  .."
"1",""
"1","- attr(*, ""unit"")="
"1"," int "
"1",""
"1","8"
"1",""
"1","
"
"1"," "
"1",""
"1","$ "
"1",""
"1","strip.text.y.left         "
"1",""
"1",":"
"1","List"
"1",""
"1"," of "
"1",""
"1","11"
"1",""
"1","
"
"1","  .."
"1",""
"1","$ "
"1",""
"1","family       "
"1",""
"1",":"
"1"," NULL
"
"1","  .."
"1",""
"1","$ "
"1",""
"1","face         "
"1",""
"1",":"
"1"," NULL
"
"1","  .."
"1",""
"1","$ "
"1",""
"1","colour       "
"1",""
"1",":"
"1"," NULL
"
"1","  .."
"1",""
"1","$ "
"1",""
"1","size         "
"1",""
"1",":"
"1"," NULL
"
"1","  .."
"1",""
"1","$ "
"1",""
"1","hjust        "
"1",""
"1",":"
"1"," NULL
"
"1","  .."
"1",""
"1","$ "
"1",""
"1","vjust        "
"1",""
"1",":"
"1"," NULL
"
"1","  .."
"1",""
"1","$ "
"1",""
"1","angle        "
"1",""
"1",":"
"1"," num "
"1",""
"1","90"
"1",""
"1","
"
"1","  .."
"1",""
"1","$ "
"1",""
"1","lineheight   "
"1",""
"1",":"
"1"," NULL
"
"1","  .."
"1",""
"1","$ "
"1",""
"1","margin       "
"1",""
"1",":"
"1"," NULL
"
"1","  .."
"1",""
"1","$ "
"1",""
"1","debug        "
"1",""
"1",":"
"1"," NULL
"
"1","  .."
"1",""
"1","$ "
"1",""
"1","inherit.blank"
"1",""
"1",":"
"1"," logi "
"1",""
"1","TRUE"
"1",""
"1","
"
"1","  .."
"1",""
"1","- attr(*, ""class"")="
"1"," chr [1:2] "
"1",""
"1","""element_text"" ""element"""
"1",""
"1","
"
"1"," "
"1",""
"1","- attr(*, ""class"")="
"1"," chr [1:2] "
"1",""
"1","""theme"" ""gg"""
"1",""
"1","
"
"1"," "
"1",""
"1","- attr(*, ""complete"")="
"1"," logi "
"1",""
"1","TRUE"
"1",""
"1","
"
"1"," "
"1",""
"1","- attr(*, ""validate"")="
"1"," logi "
"1",""
"1","TRUE"
"1",""
"1","
"
"0","depth_hist"
"2","`stat_bin()` using `bins = 30`. Pick better value with `binwidth`.
"
